yardline_100,1,2,3,4
1,6.18,5.84,5.16,3.57
2,6.1,5.75,5.0,3.44
3,6.02,5.65,4.88,3.36
4,5.85,5.46,4.62,3.1
5,5.69,5.29,4.46,3.05
6,5.56,5.14,4.35,3.02
7,5.41,4.99,4.25,3.0
8,5.26,4.87,4.18,2.98
9,5.14,4.77,4.11,2.97
10,5.05,4.69,4.06,2.95
11,4.97,4.63,4.01,2.93
12,4.92,4.59,3.98,2.92
13,4.9,4.54,3.93,2.89
14,4.87,4.5,3.88,2.85
15,4.83,4.45,3.82,2.82
16,4.77,4.38,3.78,2.78
17,4.7,4.3,3.71,2.73
18,4.63,4.23,3.65,2.67
19,4.57,4.15,3.59,2.62
20,4.51,4.09,3.55,2.56
21,4.44,4.04,3.5,2.5
22,4.38,4.0,3.48,2.44
23,4.31,3.94,3.43,2.36
24,4.24,3.88,3.37,2.28
25,4.16,3.8,3.3,2.2
26,4.08,3.72,3.2,2.12
27,4.01,3.64,3.11,2.03
28,3.94,3.57,3.03,1.94
29,3.87,3.5,2.96,1.86
30,3.8,3.44,2.9,1.76
31,3.73,3.38,2.83,1.65
32,3.65,3.3,2.74,1.54
33,3.59,3.22,2.67,1.45
34,3.52,3.15,2.58,1.34
35,3.46,3.07,2.47,1.21
36,3.39,2.99,2.36,1.04
37,3.35,2.93,2.28,0.89
38,3.29,2.87,2.19,0.73
39,3.24,2.81,2.13,0.58
40,3.17,2.74,2.07,0.46
41,3.08,2.66,2.01,0.39
42,3.01,2.6,1.95,0.34
43,2.95,2.56,1.91,0.3
44,2.88,2.49,1.84,0.26
45,2.83,2.45,1.79,0.24
46,2.78,2.4,1.75,0.2
47,2.72,2.35,1.69,0.16
48,2.66,2.29,1.63,0.12
49,2.6,2.23,1.58,0.07
50,2.53,2.17,1.53,0.03
51,2.49,2.13,1.48,-0.01
52,2.45,2.08,1.42,-0.07
53,2.38,2.01,1.36,-0.13
54,2.32,1.96,1.3,-0.18
55,2.26,1.9,1.24,-0.24
56,2.19,1.84,1.17,-0.29
57,2.12,1.77,1.12,-0.33
58,2.06,1.7,1.05,-0.37
59,2.0,1.64,1.01,-0.4
60,1.93,1.56,0.93,-0.45
61,1.88,1.51,0.88,-0.49
62,1.83,1.46,0.82,-0.52
63,1.76,1.39,0.75,-0.57
64,1.7,1.34,0.73,-0.6
65,1.64,1.3,0.7,-0.64
66,1.6,1.26,0.66,-0.69
67,1.52,1.2,0.61,-0.74
68,1.49,1.16,0.56,-0.78
69,1.44,1.1,0.47,-0.86
70,1.37,1.0,0.37,-0.94
71,1.3,0.91,0.28,-1.01
72,1.23,0.83,0.19,-1.09
73,1.18,0.74,0.11,-1.18
74,1.09,0.62,-0.02,-1.28
75,1.01,0.54,-0.12,-1.36
76,0.93,0.45,-0.22,-1.45
77,0.86,0.37,-0.3,-1.51
78,0.78,0.3,-0.38,-1.56
79,0.73,0.25,-0.43,-1.6
80,0.68,0.2,-0.48,-1.65
81,0.64,0.16,-0.51,-1.67
82,0.59,0.11,-0.57,-1.72
83,0.53,0.04,-0.64,-1.78
84,0.46,-0.03,-0.7,-1.82
85,0.41,-0.1,-0.74,-1.87
86,0.35,-0.17,-0.83,-1.94
87,0.3,-0.22,-0.86,-1.95
88,0.24,-0.28,-0.91,-2.0
89,0.2,-0.33,-0.97,-2.07
90,0.14,-0.38,-1.06,-2.12
91,0.07,-0.46,-1.15,-2.18
92,0.03,-0.53,-1.22,-2.25
93,-0.02,-0.57,-1.29,-2.32
94,-0.06,-0.65,-1.33,-2.36
95,-0.09,-0.71,-1.36,-2.38
96,-0.13,-0.74,-1.37,-2.44
97,-0.23,-0.83,-1.46,-2.53
98,-0.26,-0.88,-1.49,-2.54
99,-0.31,-0.91,-1.52,-2.58
